{
  "accentColor": "#efb68e",
  "cssTheme": "AnuPpuccin",
  "textFontFamily": "杨任东竹石体,霞鹜文楷",
  "interfaceFontFamily": "Comic Sans MS,手札体-简,杨任东竹石体",
  "monospaceFontFamily": "Fira Code",
  "translucency": false,
  "nativeMenus": false,
  "baseFontSize": 19,
  "theme": "obsidian",
  "enabledCssSnippets": [
    "Timeline_Callouts",
    "[PKMer]Timeline_Callouts",
    "表格优化1.2",
    "表格优化",
    "[PKMer]行内图片",
    "[PKMer]ITS-Lists",
    "Blue Topaz Legacy",
    "banner-like-notion",
    "Callout-名人名言",
    "Callout-名言框",
    "Callout-花边",
    "[Buttons]炫光样式",
    "[Buttons]bhomelist",
    "Mac主题代码框",
    "[Bon]书库封面",
    "[Minimal]Cards",
    "[PKMer]表格优化",
    "[PKMer]文件夹添加头像",
    "[PKMer]Callout-花边",
    "Floating Sidebar Tabs",
    "[PKMer]Code Tab美化",
    "buttons",
    "[Blue Topaz]mytools 样式",
    "[Blue Topaz]myhome 样式",
    "[Buttons]按钮样式",
    "Blue Topaz Legacy特制版",
    "Blue Topaz Codebox",
    "[PKMer]Timeline-Callouts",
    "[PKMer]sidenote-callout",
    "[AnuPpuccin]彩虹猫猫进度条",
    "[Blue Topaz]网址图标",
    "[AnuPpuccin]Colorful Frontmatter",
    "[AnuPpuccin]custom-background",
    "[AnuPpuccin]custom-rainbow-colors",
    "[AnuPpuccin]extended-colorschemes"
  ]
}