{
  "collapse-filter": false,
  "search": "",
  "showTags": true,
  "showAttachments": false,
  "hideUnresolved": true,
  "showOrphans": true,
  "collapse-color-groups": false,
  "colorGroups": [
    {
      "query": "path: 100-UTTU人物合辑/",
      "color": {
        "a": 1,
        "rgb": 14701138
      }
    },
    {
      "query": "path: 200-相从心生/ ",
      "color": {
        "a": 1,
        "rgb": 14725458
      }
    },
    {
      "query": "path: 300-以影像之/ ",
      "color": {
        "a": 1,
        "rgb": 2525682
      }
    },
    {
      "query": "file: README.md",
      "color": {
        "a": 1,
        "rgb": 11543026
      }
    },
    {
      "query": "path: 000-箱的构造/",
      "color": {
        "a": 1,
        "rgb": 16021781
      }
    },
    {
      "query": "path: 000-箱的构造/箱中memos  ",
      "color": {
        "a": 1,
        "rgb": 16111006
      }
    }
  ],
  "collapse-display": true,
  "showArrow": true,
  "textFadeMultiplier": 0,
  "nodeSizeMultiplier": 1.70741373697917,
  "lineSizeMultiplier": 3.00020345052083,
  "collapse-forces": false,
  "centerStrength": 0.59619140625,
  "repelStrength": 10.6005859375,
  "linkStrength": 1,
  "linkDistance": 250,
  "scale": 0.1742322444350373,
  "close": true
}