{
  "easy-typing-obsidian:easy-typing-format-switch": [],
  "editor:toggle-source": [
    {
      "modifiers": [
        "Mod"
      ],
      "key": "R"
    }
  ],
  "workspace:next-tab": [
    {
      "modifiers": [
        "Ctrl"
      ],
      "key": "Tab"
    },
    {
      "modifiers": [
        "Meta",
        "Shift"
      ],
      "key": "]"
    },
    {
      "modifiers": [
        "Mod",
        "Shift"
      ],
      "key": "="
    }
  ],
  "workspace:previous-tab": [
    {
      "modifiers": [
        "Ctrl",
        "Shift"
      ],
      "key": "Tab"
    },
    {
      "modifiers": [
        "Meta",
        "Shift"
      ],
      "key": "["
    },
    {
      "modifiers": [
        "Mod",
        "Shift"
      ],
      "key": "-"
    }
  ],
  "workspace:undo-close-pane": [],
  "editor:insert-table": [
    {
      "modifiers": [
        "Alt",
        "Mod"
      ],
      "key": "T"
    }
  ],
  "obsidian-footnotes:insert-autonumbered-footnote": [
    {
      "modifiers": [
        "Alt",
        "Shift"
      ],
      "key": "0"
    }
  ],
  "obsidian-footnotes:insert-named-footnote": [
    {
      "modifiers": [
        "Alt",
        "Shift"
      ],
      "key": "-"
    }
  ],
  "workspaces-plus:open-workspaces-plus": [
    {
      "modifiers": [
        "Shift"
      ],
      "key": "Enter"
    }
  ],
  "quickadd:choice:2e6ec4a7-2119-429e-825c-81753143010c": [
    {
      "modifiers": [
        "Mod",
        "Shift"
      ],
      "key": "I"
    }
  ],
  "templater-obsidian:insert-templater": [
    {
      "modifiers": [
        "Mod",
        "Shift"
      ],
      "key": "T"
    }
  ],
  "float-search:open-search-view-window": [
    {
      "modifiers": [
        "Alt",
        "Ctrl",
        "Mod"
      ],
      "key": "F"
    }
  ],
  "Enhanced-editing:mouse-end": [
    {
      "modifiers": [
        "Mod"
      ],
      "key": "ArrowRight"
    }
  ],
  "Enhanced-editing:mouse-start": [
    {
      "modifiers": [
        "Mod"
      ],
      "key": "ArrowLeft"
    }
  ]
}