{"history":{"2024-02-24":{"words":1555,"characters":3011,"sentences":0,"pages":5,"files":8,"footnotes":0,"citations":0,"totalWords":3071,"totalCharacters":6117,"totalSentences":13,"totalFootnotes":0,"totalCitations":0,"totalPages":10.2},"2024-02-25":{"words":2695,"characters":5111,"sentences":3,"pages":9.100000000000001,"files":9,"footnotes":0,"citations":0,"totalWords":5763,"totalCharacters":11228,"totalSentences":17,"totalFootnotes":384,"totalCitations":384,"totalPages":19.3},"2024-02-26":{"words":527,"characters":1191,"sentences":0,"pages":1.7000000000000004,"files":9,"footnotes":0,"citations":0,"totalWords":6359,"totalCharacters":12995,"totalSentences":17,"totalFootnotes":0,"totalCitations":0,"totalPages":21.2},"2024-02-27":{"words":5019,"characters":7025,"sentences":0,"pages":16.799999999999997,"files":12,"footnotes":0,"citations":0,"totalWords":12152,"totalCharacters":22906,"totalSentences":20,"totalFootnotes":0,"totalCitations":0,"totalPages":40.5},"2024-02-28":{"words":1311,"characters":2053,"sentences":4,"pages":4.3,"files":13,"footnotes":0,"citations":0,"totalWords":13661,"totalCharacters":25887,"totalSentences":25,"totalFootnotes":0,"totalCitations":0,"totalPages":45.49999999999999},"2024-02-29":{"words":0,"characters":0,"sentences":0,"pages":0,"files":0,"footnotes":0,"citations":0,"totalWords":13661,"totalCharacters":25887,"totalSentences":25,"totalFootnotes":0,"totalCitations":0,"totalPages":45.5},"2024-03-01":{"words":0,"characters":0,"sentences":0,"pages":0,"files":0,"footnotes":0,"citations":0,"totalWords":13661,"totalCharacters":25887,"totalSentences":25,"totalFootnotes":0,"totalCitations":0,"totalPages":45.5},"2024-03-02":{"words":0,"characters":0,"sentences":0,"pages":0,"files":0,"footnotes":0,"citations":0,"totalWords":13661,"totalCharacters":25887,"totalSentences":25,"totalFootnotes":0,"totalCitations":0,"totalPages":45.5},"2024-03-03":{"words":1165,"characters":4770,"sentences":0,"pages":3.799999999999999,"files":13,"footnotes":0,"citations":0,"totalWords":14927,"totalCharacters":31020,"totalSentences":25,"totalFootnotes":3,"totalCitations":3,"totalPages":49.599999999999994},"2024-03-04":{"words":152,"characters":310,"sentences":7,"pages":0.6000000000000005,"files":14,"footnotes":0,"citations":0,"totalWords":14983,"totalCharacters":31732,"totalSentences":26,"totalFootnotes":0,"totalCitations":0,"totalPages":49.9},"2024-03-05":{"words":1808,"characters":4154,"sentences":0,"pages":6.000000000000002,"files":14,"footnotes":5,"citations":0,"totalWords":17773,"totalCharacters":38475,"totalSentences":26,"totalFootnotes":6,"totalCitations":0,"totalPages":59.300000000000004},"2024-03-06":{"words":7736,"characters":46247,"sentences":163,"pages":25.599999999999998,"files":15,"footnotes":4,"citations":0,"totalWords":25305,"totalCharacters":78504,"totalSentences":194,"totalFootnotes":8,"totalCitations":0,"totalPages":84.29999999999998},"2024-03-07":{"words":1485,"characters":5117,"sentences":0,"pages":4.8999999999999995,"files":15,"footnotes":19,"citations":0,"totalWords":26987,"totalCharacters":80325,"totalSentences":194,"totalFootnotes":28,"totalCitations":0,"totalPages":90.1},"2024-03-08":{"words":2485,"characters":14825,"sentences":67,"pages":8.399999999999999,"files":15,"footnotes":7,"citations":0,"totalWords":30193,"totalCharacters":97346,"totalSentences":261,"totalFootnotes":39,"totalCitations":0,"totalPages":100.7},"2024-03-09":{"words":7052,"characters":37641,"sentences":122,"pages":23.4,"files":17,"footnotes":9,"citations":0,"totalWords":38371,"totalCharacters":140258,"totalSentences":385,"totalFootnotes":48,"totalCitations":0,"totalPages":127.89999999999999},"2024-03-10":{"words":9649,"characters":48597,"sentences":179,"pages":32.00000000000001,"files":19,"footnotes":26,"citations":0,"totalWords":48780,"totalCharacters":192456,"totalSentences":566,"totalFootnotes":77,"totalCitations":0,"totalPages":162.50000000000003},"2024-03-11":{"words":897,"characters":3679,"sentences":0,"pages":3.0999999999999996,"files":22,"footnotes":0,"citations":0,"totalWords":50308,"totalCharacters":198846,"totalSentences":567,"totalFootnotes":81,"totalCitations":4,"totalPages":167.7},"2024-03-12":{"words":12989,"characters":50441,"sentences":185,"pages":43.4,"files":34,"footnotes":36,"citations":0,"totalWords":65653,"totalCharacters":259000,"totalSentences":763,"totalFootnotes":114,"totalCitations":0,"totalPages":219.00000000000003},"2024-03-13":{"words":126,"characters":883,"sentences":0,"pages":0.39999999999999997,"files":35,"footnotes":0,"citations":0,"totalWords":65980,"totalCharacters":260687,"totalSentences":771,"totalFootnotes":173,"totalCitations":59,"totalPages":219.8},"2024-03-14":{"words":20,"characters":115,"sentences":0,"pages":0.09999999999999998,"files":35,"footnotes":0,"citations":0,"totalWords":66002,"totalCharacters":260811,"totalSentences":771,"totalFootnotes":114,"totalCitations":0,"totalPages":219.90000000000003},"2024-03-15":{"words":3956,"characters":21470,"sentences":54,"pages":13.299999999999999,"files":36,"footnotes":12,"citations":0,"totalWords":70498,"totalCharacters":284856,"totalSentences":826,"totalFootnotes":126,"totalCitations":0,"totalPages":234.9},"2024-03-16":{"words":3798,"characters":14334,"sentences":68,"pages":12.6,"files":38,"footnotes":1,"citations":0,"totalWords":75075,"totalCharacters":302135,"totalSentences":896,"totalFootnotes":740,"totalCitations":674,"totalPages":250.10000000000005},"2024-03-17":{"words":3796,"characters":17835,"sentences":66,"pages":12.599999999999994,"files":39,"footnotes":0,"citations":0,"totalWords":79371,"totalCharacters":322337,"totalSentences":964,"totalFootnotes":132,"totalCitations":0,"totalPages":264.29999999999995},"2024-03-18":{"words":587,"characters":1996,"sentences":0,"pages":2,"files":42,"footnotes":0,"citations":0,"totalWords":80000,"totalCharacters":324521,"totalSentences":967,"totalFootnotes":132,"totalCitations":0,"totalPages":266.3},"2024-03-19":{"words":1125,"characters":2181,"sentences":1,"pages":3.8,"files":47,"footnotes":0,"citations":0,"totalWords":81841,"totalCharacters":329768,"totalSentences":974,"totalFootnotes":132,"totalCitations":0,"totalPages":272.40000000000003},"2024-03-20":{"words":1505,"characters":3462,"sentences":0,"pages":5.499999999999998,"files":63,"footnotes":0,"citations":0,"totalWords":88061,"totalCharacters":348236,"totalSentences":990,"totalFootnotes":156,"totalCitations":24,"totalPages":293.40000000000003},"2024-03-21":{"words":2275,"characters":5589,"sentences":2,"pages":7.899999999999999,"files":77,"footnotes":5,"citations":0,"totalWords":97910,"totalCharacters":402687,"totalSentences":1004,"totalFootnotes":142,"totalCitations":0,"totalPages":326.0000000000001},"2024-03-22":{"words":660,"characters":8082,"sentences":0,"pages":2.3,"files":77,"footnotes":0,"citations":0,"totalWords":98200,"totalCharacters":540869,"totalSentences":1004,"totalFootnotes":142,"totalCitations":0,"totalPages":327.1},"2024-03-23":{"words":534,"characters":1106,"sentences":1,"pages":1.8,"files":90,"footnotes":0,"citations":0,"totalWords":100589,"totalCharacters":549333,"totalSentences":1017,"totalFootnotes":142,"totalCitations":0,"totalPages":335.3},"2024-03-24":{"words":183,"characters":14,"sentences":0,"pages":0.49999999999999994,"files":96,"footnotes":0,"citations":0,"totalWords":102104,"totalCharacters":554882,"totalSentences":1023,"totalFootnotes":142,"totalCitations":0,"totalPages":340.30000000000007},"2024-03-25":{"words":8986,"characters":41202,"sentences":149,"pages":30,"files":98,"footnotes":23,"citations":0,"totalWords":112039,"totalCharacters":600740,"totalSentences":1174,"totalFootnotes":165,"totalCitations":0,"totalPages":373.30000000000007},"2024-03-26":{"words":0,"characters":0,"sentences":0,"pages":0,"files":98,"footnotes":0,"citations":0,"totalWords":112057,"totalCharacters":600768,"totalSentences":1174,"totalFootnotes":165,"totalCitations":0,"totalPages":373.40000000000003},"2024-03-27":{"words":16,"characters":46,"sentences":0,"pages":0.1,"files":99,"footnotes":0,"citations":0,"totalWords":112057,"totalCharacters":600768,"totalSentences":1174,"totalFootnotes":165,"totalCitations":0,"totalPages":373.40000000000003},"2024-03-28":{"words":174,"characters":1089,"sentences":1,"pages":0.7000000000000001,"files":100,"footnotes":0,"citations":0,"totalWords":112347,"totalCharacters":602640,"totalSentences":1176,"totalFootnotes":165,"totalCitations":0,"totalPages":374.50000000000006},"2024-03-29":{"words":226,"characters":1258,"sentences":0,"pages":0.8000000000000003,"files":100,"footnotes":0,"citations":0,"totalWords":112460,"totalCharacters":602938,"totalSentences":1176,"totalFootnotes":165,"totalCitations":0,"totalPages":374.90000000000003},"2024-03-30":{"words":3924,"characters":18360,"sentences":58,"pages":13.1,"files":101,"footnotes":4,"citations":0,"totalWords":116975,"totalCharacters":623946,"totalSentences":1236,"totalFootnotes":169,"totalCitations":0,"totalPages":389.90000000000003},"2024-03-31":{"words":8283,"characters":45963,"sentences":162,"pages":27.6,"files":103,"footnotes":6,"citations":0,"totalWords":126451,"totalCharacters":675133,"totalSentences":1403,"totalFootnotes":176,"totalCitations":0,"totalPages":421.7000000000002},"2024-04-01":{"words":7767,"characters":37829,"sentences":83,"pages":26,"files":105,"footnotes":13,"citations":0,"totalWords":135378,"totalCharacters":718229,"totalSentences":1489,"totalFootnotes":189,"totalCitations":0,"totalPages":451.5},"2024-04-02":{"words":334,"characters":1473,"sentences":0,"pages":1.1,"files":108,"footnotes":0,"citations":0,"totalWords":136462,"totalCharacters":724132,"totalSentences":1495,"totalFootnotes":189,"totalCitations":0,"totalPages":455.1},"2024-04-03":{"words":7458,"characters":36559,"sentences":109,"pages":24.8,"files":112,"footnotes":11,"citations":0,"totalWords":144574,"totalCharacters":763771,"totalSentences":1607,"totalFootnotes":200,"totalCitations":0,"totalPages":481.99999999999994},"2024-04-04":{"words":10088,"characters":38450,"sentences":146,"pages":33.6,"files":133,"footnotes":29,"citations":0,"totalWords":158129,"totalCharacters":816032,"totalSentences":1780,"totalFootnotes":230,"totalCitations":0,"totalPages":527.1999999999999},"2024-04-05":{"words":144,"characters":105,"sentences":0,"pages":0.5,"files":133,"footnotes":0,"citations":0,"totalWords":158334,"totalCharacters":816214,"totalSentences":1780,"totalFootnotes":230,"totalCitations":0,"totalPages":527.8999999999999},"2024-04-06":{"words":3493,"characters":17276,"sentences":56,"pages":11.6,"files":134,"footnotes":0,"citations":0,"totalWords":163549,"totalCharacters":840185,"totalSentences":1837,"totalFootnotes":267,"totalCitations":28,"totalPages":545.2},"2024-04-07":{"words":7121,"characters":36475,"sentences":132,"pages":23.799999999999997,"files":135,"footnotes":12,"citations":0,"totalWords":170778,"totalCharacters":877776,"totalSentences":1970,"totalFootnotes":251,"totalCitations":0,"totalPages":569.3000000000001},"2024-04-08":{"words":521,"characters":1328,"sentences":4,"pages":1.8,"files":138,"footnotes":0,"citations":0,"totalWords":171500,"totalCharacters":879885,"totalSentences":1977,"totalFootnotes":251,"totalCitations":0,"totalPages":571.8000000000002},"2024-04-09":{"words":4308,"characters":17915,"sentences":56,"pages":14.3,"files":139,"footnotes":8,"citations":0,"totalWords":176433,"totalCharacters":900627,"totalSentences":2034,"totalFootnotes":363,"totalCitations":110,"totalPages":588.3000000000009},"2024-04-10":{"words":3423,"characters":18647,"sentences":51,"pages":11.4,"files":140,"footnotes":2,"citations":0,"totalWords":180259,"totalCharacters":921899,"totalSentences":2086,"totalFootnotes":261,"totalCitations":0,"totalPages":601.1000000000006},"2024-04-11":{"words":2711,"characters":14887,"sentences":45,"pages":8.999999999999998,"files":149,"footnotes":5,"citations":0,"totalWords":184212,"totalCharacters":941442,"totalSentences":2140,"totalFootnotes":266,"totalCitations":0,"totalPages":614.1000000000001},"2024-04-12":{"words":206,"characters":752,"sentences":0,"pages":0.6999999999999997,"files":152,"footnotes":0,"citations":0,"totalWords":184595,"totalCharacters":942642,"totalSentences":2143,"totalFootnotes":289,"totalCitations":23,"totalPages":615.5000000000002},"2024-04-13":{"words":8220,"characters":35569,"sentences":125,"pages":27.4,"files":156,"footnotes":22,"citations":0,"totalWords":194170,"totalCharacters":984383,"totalSentences":2272,"totalFootnotes":288,"totalCitations":0,"totalPages":647.3000000000002},"2024-04-14":{"words":0,"characters":0,"sentences":0,"pages":0,"files":0,"footnotes":0,"citations":0,"totalWords":194127,"totalCharacters":984250,"totalSentences":2272,"totalFootnotes":288,"totalCitations":0,"totalPages":647.3000000000003},"2024-04-15":{"words":72,"characters":442,"sentences":0,"pages":0.19999999999999973,"files":159,"footnotes":0,"citations":0,"totalWords":194333,"totalCharacters":985324,"totalSentences":2274,"totalFootnotes":501,"totalCitations":213,"totalPages":647.9000000000003},"2024-04-16":{"words":3463,"characters":16510,"sentences":61,"pages":11.5,"files":162,"footnotes":5,"citations":0,"totalWords":198870,"totalCharacters":1005737,"totalSentences":2338,"totalFootnotes":293,"totalCitations":0,"totalPages":662.9000000000002},"2024-04-17":{"words":3755,"characters":17205,"sentences":57,"pages":12.5,"files":164,"footnotes":2,"citations":0,"totalWords":203294,"totalCharacters":1025798,"totalSentences":2398,"totalFootnotes":295,"totalCitations":0,"totalPages":677.6000000000001},"2024-04-18":{"words":3398,"characters":12221,"sentences":39,"pages":11.3,"files":165,"footnotes":7,"citations":0,"totalWords":207291,"totalCharacters":1040817,"totalSentences":2438,"totalFootnotes":302,"totalCitations":0,"totalPages":690.9000000000002},"2024-04-19":{"words":3592,"characters":16918,"sentences":64,"pages":11.8,"files":168,"footnotes":4,"citations":0,"totalWords":212221,"totalCharacters":1062744,"totalSentences":2505,"totalFootnotes":306,"totalCitations":0,"totalPages":707.3000000000001},"2024-04-20":{"words":6929,"characters":29966,"sentences":117,"pages":23.1,"files":173,"footnotes":11,"citations":0,"totalWords":220567,"totalCharacters":1098960,"totalSentences":2628,"totalFootnotes":491,"totalCitations":173,"totalPages":735.0999999999999},"2024-04-21":{"words":0,"characters":0,"sentences":0,"pages":0,"files":0,"footnotes":0,"citations":0,"totalWords":220658,"totalCharacters":1099076,"totalSentences":2628,"totalFootnotes":318,"totalCitations":0,"totalPages":735.4000000000001},"2024-04-22":{"words":66,"characters":305,"sentences":0,"pages":0.19999999999999996,"files":173,"footnotes":0,"citations":0,"totalWords":220725,"totalCharacters":1099388,"totalSentences":2628,"totalFootnotes":318,"totalCitations":0,"totalPages":735.6000000000001},"2024-04-23":{"words":0,"characters":0,"sentences":0,"pages":0,"files":0,"footnotes":0,"citations":0,"totalWords":220725,"totalCharacters":1099388,"totalSentences":2628,"totalFootnotes":318,"totalCitations":0,"totalPages":735.6000000000001},"2024-04-24":{"words":0,"characters":0,"sentences":0,"pages":0,"files":0,"footnotes":0,"citations":0,"totalWords":220725,"totalCharacters":1099388,"totalSentences":2628,"totalFootnotes":318,"totalCitations":0,"totalPages":735.6000000000001},"2024-04-25":{"words":0,"characters":0,"sentences":0,"pages":0,"files":0,"footnotes":0,"citations":0,"totalWords":220725,"totalCharacters":1099388,"totalSentences":2628,"totalFootnotes":318,"totalCitations":0,"totalPages":735.6000000000003},"2024-04-26":{"words":0,"characters":0,"sentences":0,"pages":0,"files":0,"footnotes":0,"citations":0,"totalWords":220725,"totalCharacters":1099388,"totalSentences":2628,"totalFootnotes":318,"totalCitations":0,"totalPages":735.6000000000001},"2024-04-27":{"words":210,"characters":313,"sentences":0,"pages":0.7000000000000011,"files":174,"footnotes":0,"citations":0,"totalWords":221581,"totalCharacters":1102587,"totalSentences":2629,"totalFootnotes":342,"totalCitations":24,"totalPages":738.5000000000001},"2024-04-28":{"words":7471,"characters":34569,"sentences":114,"pages":24.799999999999997,"files":182,"footnotes":10,"citations":0,"totalWords":233820,"totalCharacters":1150931,"totalSentences":2761,"totalFootnotes":334,"totalCitations":0,"totalPages":779.4},"2024-04-29":{"words":4144,"characters":15897,"sentences":58,"pages":13.899999999999999,"files":188,"footnotes":2,"citations":0,"totalWords":238729,"totalCharacters":1185163,"totalSentences":2824,"totalFootnotes":336,"totalCitations":0,"totalPages":795.8000000000004},"2024-04-30":{"words":4762,"characters":17799,"sentences":61,"pages":16.099999999999998,"files":196,"footnotes":7,"citations":0,"totalWords":244598,"totalCharacters":1208325,"totalSentences":2894,"totalFootnotes":343,"totalCitations":0,"totalPages":815.6000000000001},"2024-05-01":{"words":793,"characters":3506,"sentences":1,"pages":2.6999999999999997,"files":204,"footnotes":0,"citations":0,"totalWords":246779,"totalCharacters":1202472,"totalSentences":2903,"totalFootnotes":343,"totalCitations":0,"totalPages":823},"2024-05-02":{"words":0,"characters":0,"sentences":0,"pages":0,"files":0,"footnotes":0,"citations":0,"totalWords":246833,"totalCharacters":1202472,"totalSentences":2903,"totalFootnotes":343,"totalCitations":0,"totalPages":823.1000000000005},"2024-05-03":{"words":0,"characters":1,"sentences":0,"pages":0,"files":204,"footnotes":0,"citations":0,"totalWords":246833,"totalCharacters":1202472,"totalSentences":2903,"totalFootnotes":343,"totalCitations":0,"totalPages":823.1}},"modifiedFiles":{"000-箱的构造/常用工具.md":{"words":{"initial":58,"current":58},"characters":{"initial":550,"current":551},"sentences":{"initial":1,"current":1},"footnotes":{"initial":0,"current":0},"citations":{"initial":0,"current":0},"pages":{"initial":0.2,"current":0.2}}}}