{
  "workspaces": {
    "HomePage": {
      "main": {
        "id": "7fa45a73674a7b32",
        "type": "split",
        "children": [
          {
            "id": "a4e7ab8c564d67d7",
            "type": "tabs",
            "children": [
              {
                "id": "9aadaddd821e22fa",
                "type": "leaf",
                "state": {
                  "type": "markdown",
                  "state": {
                    "file": "000-箱的构造/主页.md",
                    "mode": "preview",
                    "source": false
                  }
                }
              },
              {
                "id": "3f6df53d6a9606bd",
                "type": "leaf",
                "state": {
                  "type": "markdown",
                  "state": {
                    "file": "400-箱外世界/暴雨时间线.md",
                    "mode": "preview",
                    "source": true
                  }
                }
              },
              {
                "id": "01a2c60378addfb9",
                "type": "leaf",
                "state": {
                  "type": "markdown",
                  "state": {
                    "file": "000-箱的构造/箱的构造教程/自动化创建角色档案.md",
                    "mode": "source",
                    "source": false
                  }
                }
              },
              {
                "id": "95f89cae69831722",
                "type": "leaf",
                "state": {
                  "type": "obsidian-projects",
                  "state": {}
                }
              }
            ]
          }
        ],
        "direction": "vertical"
      },
      "left": {
        "id": "8c28cfae046d28b0",
        "type": "split",
        "children": [
          {
            "id": "fb7552c6126461e8",
            "type": "tabs",
            "dimension": 73.83292383292384,
            "children": [
              {
                "id": "250c5f6efff2f242",
                "type": "leaf",
                "state": {
                  "type": "file-explorer",
                  "state": {
                    "sortOrder": "alphabetical"
                  }
                }
              },
              {
                "id": "6fa8a46648d62218",
                "type": "leaf",
                "state": {
                  "type": "search",
                  "state": {
                    "query": "",
                    "matchingCase": false,
                    "explainSearch": false,
                    "collapseAll": false,
                    "extraContext": false,
                    "sortOrder": "alphabetical"
                  }
                }
              },
              {
                "id": "4862ed181d29f3fe",
                "type": "leaf",
                "state": {
                  "type": "bookmarks",
                  "state": {}
                }
              },
              {
                "id": "83914567a165aaad",
                "type": "leaf",
                "state": {
                  "type": "VIEW_TYPE_LONGFORM_EXPLORER",
                  "state": {}
                }
              }
            ]
          },
          {
            "id": "b94dcb9d96b5f843",
            "type": "tabs",
            "dimension": 26.167076167076164,
            "children": [
              {
                "id": "e94c2006ca70689a",
                "type": "leaf",
                "state": {
                  "type": "localgraph",
                  "state": {
                    "file": "000-箱的构造/主页.md",
                    "options": {
                      "collapse-filter": true,
                      "search": "",
                      "localJumps": 1,
                      "localBacklinks": true,
                      "localForelinks": true,
                      "localInterlinks": false,
                      "showTags": false,
                      "showAttachments": false,
                      "hideUnresolved": false,
                      "collapse-color-groups": false,
                      "colorGroups": [
                        {
                          "query": "path:100-UTTU人物合辑/ ",
                          "color": {
                            "a": 1,
                            "rgb": 14701138
                          }
                        },
                        {
                          "query": "path:200-相从心生/ ",
                          "color": {
                            "a": 1,
                            "rgb": 14725458
                          }
                        },
                        {
                          "query": "path:300-以影像之/ ",
                          "color": {
                            "a": 1,
                            "rgb": 2790132
                          }
                        },
                        {
                          "query": "path:000-箱的构成/ ",
                          "color": {
                            "a": 1,
                            "rgb": 15636512
                          }
                        }
                      ],
                      "collapse-display": false,
                      "showArrow": false,
                      "textFadeMultiplier": 0,
                      "nodeSizeMultiplier": 0.589680989583333,
                      "lineSizeMultiplier": 1,
                      "collapse-forces": true,
                      "centerStrength": 0.518713248970312,
                      "repelStrength": 10,
                      "linkStrength": 1,
                      "linkDistance": 250,
                      "scale": 1,
                      "close": true
                    }
                  }
                }
              }
            ]
          }
        ],
        "direction": "horizontal",
        "width": 240
      },
      "right": {
        "id": "3690d4dad9b484cc",
        "type": "split",
        "children": [
          {
            "id": "f3b59b964d45b39b",
            "type": "tabs",
            "dimension": 36.89903846153847,
            "children": [
              {
                "id": "fcfeade928c29023",
                "type": "leaf",
                "state": {
                  "type": "file-properties",
                  "state": {
                    "file": "000-箱的构造/主页.md"
                  }
                }
              },
              {
                "id": "13eab36a72e3758c",
                "type": "leaf",
                "state": {
                  "type": "graph",
                  "state": {}
                }
              }
            ],
            "currentTab": 1
          },
          {
            "id": "a0af558e737c8c63",
            "type": "tabs",
            "dimension": 63.10096153846154,
            "children": [
              {
                "id": "0ff60fab5f307ba0",
                "type": "leaf",
                "state": {
                  "type": "quiet-outline",
                  "state": {}
                }
              },
              {
                "id": "ae0ee0175ee8627f",
                "type": "leaf",
                "state": {
                  "type": "markdown",
                  "state": {
                    "file": "000-箱的构造/常用工具.md",
                    "mode": "preview",
                    "source": false
                  }
                }
              },
              {
                "id": "e05dbb992a38c77c",
                "type": "leaf",
                "state": {
                  "type": "tag",
                  "state": {
                    "sortOrder": "frequency",
                    "useHierarchy": true
                  }
                }
              },
              {
                "id": "381f1e4757e8cce8",
                "type": "leaf",
                "state": {
                  "type": "backlink",
                  "state": {
                    "file": "000-箱的构造/主页.md",
                    "collapseAll": false,
                    "extraContext": false,
                    "sortOrder": "alphabetical",
                    "showSearch": false,
                    "searchQuery": "",
                    "backlinkCollapsed": false,
                    "unlinkedCollapsed": true
                  }
                }
              },
              {
                "id": "e38c54133e209543",
                "type": "leaf",
                "state": {
                  "type": "outgoing-link",
                  "state": {
                    "file": "000-箱的构造/主页.md",
                    "linksCollapsed": false,
                    "unlinkedCollapsed": true
                  }
                }
              }
            ],
            "currentTab": 1
          }
        ],
        "direction": "horizontal",
        "width": 319
      },
      "left-ribbon": {
        "hiddenItems": {
          "daily-notes:打开/创建今天的日记": false,
          "obsidian-memos:Thino": false,
          "switcher:打开快速切换": true,
          "graph:查看关系图谱": false,
          "workspaces:管理工作区布局": false,
          "cmdr:Projects": false,
          "canvas:新建白板": false,
          "templater-obsidian:Templater": false,
          "templates:插入模板": true,
          "command-palette:打开命令面板": true,
          "cmdr:Style Settings 悬浮面板": false,
          "random-note:开始漫游笔记": false,
          "cmdr:切换明暗主题": false,
          "cmdr:在文件列表中显示当前文件": false,
          "float-search:Search Obsidian In Modal": true,
          "obsidian-projects:Open projects": true,
          "obsidian42-brat:BRAT": true
        }
      },
      "active": "9aadaddd821e22fa",
      "mtime": "2024-05-03T22:41:48+08:00",
      "workspaces-plus:settings-v1": {
        "explorerFoldState": [],
        "mode": null
      }
    },
    "README": {
      "main": {
        "id": "7fa45a73674a7b32",
        "type": "split",
        "children": [
          {
            "id": "a4e7ab8c564d67d7",
            "type": "tabs",
            "children": [
              {
                "id": "9aadaddd821e22fa",
                "type": "leaf",
                "state": {
                  "type": "markdown",
                  "state": {
                    "file": "README.md",
                    "mode": "preview",
                    "source": true
                  }
                }
              }
            ]
          }
        ],
        "direction": "vertical"
      },
      "left": {
        "id": "8c28cfae046d28b0",
        "type": "split",
        "children": [
          {
            "id": "fb7552c6126461e8",
            "type": "tabs",
            "dimension": 75,
            "children": [
              {
                "id": "250c5f6efff2f242",
                "type": "leaf",
                "state": {
                  "type": "file-explorer",
                  "state": {
                    "sortOrder": "alphabetical"
                  }
                }
              },
              {
                "id": "6fa8a46648d62218",
                "type": "leaf",
                "state": {
                  "type": "search",
                  "state": {
                    "query": "",
                    "matchingCase": false,
                    "explainSearch": false,
                    "collapseAll": false,
                    "extraContext": false,
                    "sortOrder": "alphabetical"
                  }
                }
              },
              {
                "id": "4862ed181d29f3fe",
                "type": "leaf",
                "state": {
                  "type": "bookmarks",
                  "state": {}
                }
              },
              {
                "id": "83914567a165aaad",
                "type": "leaf",
                "state": {
                  "type": "VIEW_TYPE_LONGFORM_EXPLORER",
                  "state": {}
                }
              }
            ]
          },
          {
            "id": "710bf2a9ba69c245",
            "type": "tabs",
            "dimension": 25,
            "children": [
              {
                "id": "e94c2006ca70689a",
                "type": "leaf",
                "state": {
                  "type": "localgraph",
                  "state": {
                    "file": "README.md",
                    "options": {
                      "collapse-filter": true,
                      "search": "",
                      "localJumps": 1,
                      "localBacklinks": true,
                      "localForelinks": true,
                      "localInterlinks": false,
                      "showTags": false,
                      "showAttachments": false,
                      "hideUnresolved": false,
                      "collapse-color-groups": false,
                      "colorGroups": [
                        {
                          "query": "path:100-UTTU人物合辑/ ",
                          "color": {
                            "a": 1,
                            "rgb": 14701138
                          }
                        },
                        {
                          "query": "path:200-相从心生/ ",
                          "color": {
                            "a": 1,
                            "rgb": 14725458
                          }
                        },
                        {
                          "query": "path:300-以影像之/ ",
                          "color": {
                            "a": 1,
                            "rgb": 2790132
                          }
                        },
                        {
                          "query": "path:000-箱的构成/ ",
                          "color": {
                            "a": 1,
                            "rgb": 15636512
                          }
                        }
                      ],
                      "collapse-display": true,
                      "showArrow": false,
                      "textFadeMultiplier": 0,
                      "nodeSizeMultiplier": 1,
                      "lineSizeMultiplier": 1,
                      "collapse-forces": true,
                      "centerStrength": 0.518713248970312,
                      "repelStrength": 10,
                      "linkStrength": 1,
                      "linkDistance": 250,
                      "scale": 1,
                      "close": true
                    }
                  }
                }
              }
            ]
          }
        ],
        "direction": "horizontal",
        "width": 240
      },
      "right": {
        "id": "3690d4dad9b484cc",
        "type": "split",
        "children": [
          {
            "id": "f3b59b964d45b39b",
            "type": "tabs",
            "dimension": 36.89903846153847,
            "children": [
              {
                "id": "13eab36a72e3758c",
                "type": "leaf",
                "state": {
                  "type": "graph",
                  "state": {}
                }
              }
            ]
          },
          {
            "id": "a0af558e737c8c63",
            "type": "tabs",
            "dimension": 63.10096153846154,
            "children": [
              {
                "id": "0ff60fab5f307ba0",
                "type": "leaf",
                "state": {
                  "type": "quiet-outline",
                  "state": {}
                }
              },
              {
                "id": "ae0ee0175ee8627f",
                "type": "leaf",
                "state": {
                  "type": "markdown",
                  "state": {
                    "file": "000-箱的构造/常用工具.md",
                    "mode": "preview",
                    "source": false
                  }
                }
              },
              {
                "id": "e05dbb992a38c77c",
                "type": "leaf",
                "state": {
                  "type": "tag",
                  "state": {
                    "sortOrder": "frequency",
                    "useHierarchy": true
                  }
                }
              },
              {
                "id": "381f1e4757e8cce8",
                "type": "leaf",
                "state": {
                  "type": "backlink",
                  "state": {
                    "file": "README.md",
                    "collapseAll": false,
                    "extraContext": false,
                    "sortOrder": "alphabetical",
                    "showSearch": false,
                    "searchQuery": "",
                    "backlinkCollapsed": false,
                    "unlinkedCollapsed": true
                  }
                }
              },
              {
                "id": "e38c54133e209543",
                "type": "leaf",
                "state": {
                  "type": "outgoing-link",
                  "state": {
                    "file": "README.md",
                    "linksCollapsed": false,
                    "unlinkedCollapsed": true
                  }
                }
              }
            ],
            "currentTab": 1
          }
        ],
        "direction": "horizontal",
        "width": 331
      },
      "left-ribbon": {
        "hiddenItems": {
          "daily-notes:打开/创建今天的日记": false,
          "obsidian-memos:Thino": false,
          "switcher:打开快速切换": true,
          "graph:查看关系图谱": false,
          "workspaces:管理工作区布局": false,
          "cmdr:Projects": false,
          "canvas:新建白板": false,
          "templater-obsidian:Templater": false,
          "templates:插入模板": true,
          "command-palette:打开命令面板": true,
          "cmdr:Style Settings 悬浮面板": false,
          "random-note:开始漫游笔记": false,
          "cmdr:切换明暗主题": false,
          "cmdr:在文件列表中显示当前文件": false,
          "float-search:Search Obsidian In Modal": true,
          "obsidian-projects:Open projects": true,
          "obsidian42-brat:BRAT": true
        }
      },
      "active": "9aadaddd821e22fa",
      "mtime": "2024-04-30T01:21:29+08:00",
      "workspaces-plus:settings-v1": {
        "explorerFoldState": []
      }
    }
  },
  "active": "HomePage"
}