{
  "main": {
    "id": "7fa45a73674a7b32",
    "type": "split",
    "children": [
      {
        "id": "a4e7ab8c564d67d7",
        "type": "tabs",
        "children": [
          {
            "id": "9aadaddd821e22fa",
            "type": "leaf",
            "state": {
              "type": "markdown",
              "state": {
                "file": "000-箱的构造/主页.md",
                "mode": "preview",
                "source": false
              }
            }
          },
          {
            "id": "3f6df53d6a9606bd",
            "type": "leaf",
            "state": {
              "type": "markdown",
              "state": {
                "file": "400-箱外世界/暴雨时间线.md",
                "mode": "preview",
                "source": true
              }
            }
          },
          {
            "id": "01a2c60378addfb9",
            "type": "leaf",
            "state": {
              "type": "markdown",
              "state": {
                "file": "000-箱的构造/箱的构造教程/自动化创建角色档案.md",
                "mode": "source",
                "source": false
              }
            }
          },
          {
            "id": "95f89cae69831722",
            "type": "leaf",
            "state": {
              "type": "obsidian-projects",
              "state": {}
            }
          }
        ]
      }
    ],
    "direction": "vertical"
  },
  "left": {
    "id": "8c28cfae046d28b0",
    "type": "split",
    "children": [
      {
        "id": "fb7552c6126461e8",
        "type": "tabs",
        "dimension": 73.83292383292384,
        "children": [
          {
            "id": "250c5f6efff2f242",
            "type": "leaf",
            "state": {
              "type": "file-explorer",
              "state": {
                "sortOrder": "alphabetical"
              }
            }
          },
          {
            "id": "6fa8a46648d62218",
            "type": "leaf",
            "state": {
              "type": "search",
              "state": {
                "query": "",
                "matchingCase": false,
                "explainSearch": false,
                "collapseAll": false,
                "extraContext": false,
                "sortOrder": "alphabetical"
              }
            }
          },
          {
            "id": "4862ed181d29f3fe",
            "type": "leaf",
            "state": {
              "type": "bookmarks",
              "state": {}
            }
          },
          {
            "id": "83914567a165aaad",
            "type": "leaf",
            "state": {
              "type": "VIEW_TYPE_LONGFORM_EXPLORER",
              "state": {}
            }
          }
        ]
      },
      {
        "id": "b94dcb9d96b5f843",
        "type": "tabs",
        "dimension": 26.167076167076164,
        "children": [
          {
            "id": "e94c2006ca70689a",
            "type": "leaf",
            "state": {
              "type": "localgraph",
              "state": {
                "file": "000-箱的构造/主页.md",
                "options": {
                  "collapse-filter": true,
                  "search": "",
                  "localJumps": 1,
                  "localBacklinks": true,
                  "localForelinks": true,
                  "localInterlinks": false,
                  "showTags": false,
                  "showAttachments": false,
                  "hideUnresolved": false,
                  "collapse-color-groups": false,
                  "colorGroups": [
                    {
                      "query": "path:100-UTTU人物合辑/ ",
                      "color": {
                        "a": 1,
                        "rgb": 14701138
                      }
                    },
                    {
                      "query": "path:200-相从心生/ ",
                      "color": {
                        "a": 1,
                        "rgb": 14725458
                      }
                    },
                    {
                      "query": "path:300-以影像之/ ",
                      "color": {
                        "a": 1,
                        "rgb": 2790132
                      }
                    },
                    {
                      "query": "path:000-箱的构成/ ",
                      "color": {
                        "a": 1,
                        "rgb": 15636512
                      }
                    }
                  ],
                  "collapse-display": false,
                  "showArrow": false,
                  "textFadeMultiplier": 0,
                  "nodeSizeMultiplier": 0.589680989583333,
                  "lineSizeMultiplier": 1,
                  "collapse-forces": true,
                  "centerStrength": 0.518713248970312,
                  "repelStrength": 10,
                  "linkStrength": 1,
                  "linkDistance": 250,
                  "scale": 1,
                  "close": true
                }
              }
            }
          }
        ]
      }
    ],
    "direction": "horizontal",
    "width": 240
  },
  "right": {
    "id": "3690d4dad9b484cc",
    "type": "split",
    "children": [
      {
        "id": "f3b59b964d45b39b",
        "type": "tabs",
        "dimension": 36.89903846153847,
        "children": [
          {
            "id": "fcfeade928c29023",
            "type": "leaf",
            "state": {
              "type": "file-properties",
              "state": {
                "file": "000-箱的构造/主页.md"
              }
            }
          },
          {
            "id": "13eab36a72e3758c",
            "type": "leaf",
            "state": {
              "type": "graph",
              "state": {}
            }
          }
        ],
        "currentTab": 1
      },
      {
        "id": "a0af558e737c8c63",
        "type": "tabs",
        "dimension": 63.10096153846154,
        "children": [
          {
            "id": "0ff60fab5f307ba0",
            "type": "leaf",
            "state": {
              "type": "quiet-outline",
              "state": {}
            }
          },
          {
            "id": "ae0ee0175ee8627f",
            "type": "leaf",
            "state": {
              "type": "markdown",
              "state": {
                "file": "000-箱的构造/常用工具.md",
                "mode": "preview",
                "source": false
              }
            }
          },
          {
            "id": "e05dbb992a38c77c",
            "type": "leaf",
            "state": {
              "type": "tag",
              "state": {
                "sortOrder": "frequency",
                "useHierarchy": true
              }
            }
          },
          {
            "id": "381f1e4757e8cce8",
            "type": "leaf",
            "state": {
              "type": "backlink",
              "state": {
                "file": "000-箱的构造/主页.md",
                "collapseAll": false,
                "extraContext": false,
                "sortOrder": "alphabetical",
                "showSearch": false,
                "searchQuery": "",
                "backlinkCollapsed": false,
                "unlinkedCollapsed": true
              }
            }
          },
          {
            "id": "e38c54133e209543",
            "type": "leaf",
            "state": {
              "type": "outgoing-link",
              "state": {
                "file": "000-箱的构造/主页.md",
                "linksCollapsed": false,
                "unlinkedCollapsed": true
              }
            }
          }
        ],
        "currentTab": 1
      }
    ],
    "direction": "horizontal",
    "width": 319
  },
  "left-ribbon": {
    "hiddenItems": {
      "daily-notes:打开/创建今天的日记": false,
      "obsidian-memos:Thino": false,
      "switcher:打开快速切换": true,
      "graph:查看关系图谱": false,
      "workspaces:管理工作区布局": false,
      "cmdr:Projects": false,
      "canvas:新建白板": false,
      "templater-obsidian:Templater": false,
      "templates:插入模板": true,
      "command-palette:打开命令面板": true,
      "cmdr:Style Settings 悬浮面板": false,
      "random-note:开始漫游笔记": false,
      "cmdr:切换明暗主题": false,
      "cmdr:在文件列表中显示当前文件": false,
      "float-search:Search Obsidian In Modal": true,
      "obsidian-projects:Open projects": true,
      "obsidian42-brat:BRAT": true
    }
  },
  "active": "9aadaddd821e22fa",
  "lastOpenFiles": [
    "000-箱的构造/常用工具.md",
    "000-箱的构造/主页.md",
    "100-UTTU人物合辑/神秘学家｜Arcanists/十四行诗｜Sonetto.md",
    "400-箱外世界/暴雨时间线.md",
    "000-箱的构造/箱的构造教程/自动化创建角色档案.md",
    "300-以影像之/300-以影像之.md",
    "300-以影像之/303-角色剧情/马库斯·灯塔集.md",
    "300-以影像之/303-角色剧情/马库斯·灯塔集~.md",
    "300-以影像之/303-角色剧情/303-角色剧情.md",
    "300-以影像之/304-轶事/304-轶事.md",
    "000-箱的构造/templates/剧情章节-角色.md",
    "000-箱的构造/箱中memos/20240411-aefb1c0c157c2174.md",
    "000-箱的构造/templates/剧情章节-轶事.md",
    "300-以影像之/304-轶事/夏利·戏剧与戏剧.md",
    "300-以影像之/304-轶事/雾行者·奥利弗的故事.md",
    "200-相从心生/角色心相/沉默与向往｜Silent and Adoring.md",
    "200-相从心生/角色心相/敲响这窄门｜Knock on the Door.md",
    "300-以影像之/304-轶事/埃里克·美梦后记.md",
    "300-以影像之/304-轶事/帕米埃·直到长夜下旬.md",
    "300-以影像之/304-轶事/冬·重返人间.md",
    "300-以影像之/304-轶事/星之眼·庸碌喜剧.md",
    "200-相从心生/角色心相/茶歇时间｜Tea Break.md",
    "300-以影像之/304-轶事/未锈铠·第九条美德.md",
    "300-以影像之/304-轶事/X·齿轮的意志.md",
    "200-相从心生/角色心相/黎明将到来｜Dawn Is Coming.md",
    "200-相从心生/角色心相/漫长悄悄话｜Long Night Talk.md",
    "300-以影像之/304-轶事/assets/X·齿轮的意志.assets/头图 齿轮的意志.png",
    "300-以影像之/304-轶事/assets/芝诺·风吹乌哈拉.assets/头图 风吹乌哈拉.png",
    "300-以影像之/304-轶事/assets/帕米埃·直到长夜下旬.assets/封面 直到长夜下旬.png",
    "300-以影像之/304-轶事/assets/未锈铠·第九条美德.assets/封面 第九条美德.png",
    "300-以影像之/304-轶事/assets/冬·重返人间.assets/头图 重返人间.png",
    "300-以影像之/304-轶事/assets/冬·重返人间.assets/301301.png",
    "300-以影像之/304-轶事/assets/冬·重返人间.assets/封面 重返人间.png",
    "300-以影像之/304-轶事/assets/冬·重返人间.assets",
    "300-以影像之/304-轶事/assets/X·齿轮的意志.assets/301001.png",
    "300-以影像之/304-轶事/assets/X·齿轮的意志.assets/封面 齿轮的意志.png",
    "300-以影像之/304-轶事/assets/X·齿轮的意志.assets/301002.png",
    "300-以影像之/304-轶事/assets/X·齿轮的意志.assets",
    "300-以影像之/304-轶事/assets/未锈铠·第九条美德.assets",
    "300-以影像之/304-轶事/assets/星之眼·庸碌喜剧.assets",
    "300-以影像之/304-轶事/assets/埃里克·美梦后记.assets",
    "300-以影像之/304-轶事/assets/帕米埃·直到长夜下旬.assets",
    "300-以影像之/304-轶事/assets/雾行者·奥利弗的故事.assets",
    "300-以影像之/304-轶事/assets/芝诺·风吹乌哈拉.assets",
    "100-UTTU人物合辑/神秘学家｜Arcanists/assets/玛丽莲｜Sweet heart.assets",
    "300-以影像之/302-支线/assets/再见，来亚什基.assets",
    "白板.canvas"
  ]
}